{"NODES": 28, "EDGES": 42, "DENSITY": 0.1111111111111111, "DIAMETER": 180, "CLUSTERING": 0.025534785274445092, "ENERGY": 960.1924012589818, "ALGEBRAIC_CONNECTIVITY": 4.636680396188067, "DEGREES_AVERAGE": 3.0, "DISTANCE_AVERAGE": 22.357142857142858, "BETWEENNESS_CENTRALITY_AVERAGE": 0.16132842025699162, "DEMAND_AVERAGE": 182.21428571428572, "EIGENVECTOR_CENTRALITY_AVERAGE": 0.11650773081703165, "DEGREES_STD_DEV": 1.0540925533894598, "BETWEENNESS_CENTRALITY_STD_DEV": 0.07178827616208115, "DEMAND_STD_DEV": 140.26604263958555, "EIGENVECTOR_CENTRALITY_STD_DEV": 0.11650773081703165, "ADJ_MATRIX_EIGENVALUES_STD_DEV": 40.793031617807294, "EVEN_DEGREE_NODES_PROPORTION": 0.35714285714285715, "PATH_TO_CENTROID_DEMAND_AVERAGE": 28.0, "PATH_TO_CENTROID_DEMAND_STD_DEV": 14.142135623730951, "FURTHEST_NODE_FROM_CENTROID_AVERAGE_DEMAND": 97.0, "FURTHEST_NODE_FROM_CENTROID_STD_DEV_DEMAND": 160.03749560649842, "AVERAGE_DELTA_DEMAND": 217.42857142857142, "STD_DEV_DELTA_DEMAND": 116.26802642280451}