{"NODES": 146, "EDGES": 226, "DENSITY": 0.021350968351440718, "DIAMETER": 504, "CLUSTERING": 0.009547796418869036, "ENERGY": 5397.798096101633, "ALGEBRAIC_CONNECTIVITY": 0.9048081173175995, "DEGREES_AVERAGE": 3.095890410958904, "DISTANCE_AVERAGE": 24.34070796460177, "BETWEENNESS_CENTRALITY_AVERAGE": 0.06528709749084922, "DEMAND_AVERAGE": 183.93805309734512, "EIGENVECTOR_CENTRALITY_AVERAGE": 0.07856577996653467, "DEGREES_STD_DEV": 0.873587665089813, "BETWEENNESS_CENTRALITY_STD_DEV": 0.048396075437824024, "DEMAND_STD_DEV": 138.63520689193817, "EIGENVECTOR_CENTRALITY_STD_DEV": 0.07856577996653467, "ADJ_MATRIX_EIGENVALUES_STD_DEV": 45.53502340138176, "EVEN_DEGREE_NODES_PROPORTION": 0.4931506849315068, "PATH_TO_CENTROID_DEMAND_AVERAGE": 42.02758620689655, "PATH_TO_CENTROID_DEMAND_STD_DEV": 658.4327351116943, "FURTHEST_NODE_FROM_CENTROID_AVERAGE_DEMAND": 183.9, "FURTHEST_NODE_FROM_CENTROID_STD_DEV_DEMAND": 160.92886627326993, "AVERAGE_DELTA_DEMAND": 243.62328767123287, "STD_DEV_DELTA_DEMAND": 108.65987048558571}