{"NODES": 401, "EDGES": 727, "DENSITY": 0.009064837905236907, "DIAMETER": 703, "CLUSTERING": 0.029144136685037184, "ENERGY": 14099.890784647943, "ALGEBRAIC_CONNECTIVITY": 0.36444923827062986, "DEGREES_AVERAGE": 3.625935162094763, "DISTANCE_AVERAGE": 21.348005502063273, "BETWEENNESS_CENTRALITY_AVERAGE": 0.033852115467134944, "DEMAND_AVERAGE": 200.7977991746905, "EIGENVECTOR_CENTRALITY_AVERAGE": 0.048371188607025356, "DEGREES_STD_DEV": 0.9485387107469764, "BETWEENNESS_CENTRALITY_STD_DEV": 0.028279038278198713, "DEMAND_STD_DEV": 122.77141336668434, "EIGENVECTOR_CENTRALITY_STD_DEV": 0.048371188607025356, "ADJ_MATRIX_EIGENVALUES_STD_DEV": 42.48678832348817, "EVEN_DEGREE_NODES_PROPORTION": 0.5411471321695761, "PATH_TO_CENTROID_DEMAND_AVERAGE": 39.39, "PATH_TO_CENTROID_DEMAND_STD_DEV": 729.8235403164247, "FURTHEST_NODE_FROM_CENTROID_AVERAGE_DEMAND": 223.8125, "FURTHEST_NODE_FROM_CENTROID_STD_DEV_DEMAND": 131.93342702540045, "AVERAGE_DELTA_DEMAND": 235.7431421446384, "STD_DEV_DELTA_DEMAND": 96.74087222628418}