{"NODES": 195, "EDGES": 323, "DENSITY": 0.017076394395982023, "DIAMETER": 535, "CLUSTERING": 0.03386745704968746, "ENERGY": 6799.314371972456, "ALGEBRAIC_CONNECTIVITY": 0.5959559329005277, "DEGREES_AVERAGE": 3.312820512820513, "DISTANCE_AVERAGE": 22.195046439628484, "BETWEENNESS_CENTRALITY_AVERAGE": 0.053552894076288125, "DEMAND_AVERAGE": 220.86377708978327, "EIGENVECTOR_CENTRALITY_AVERAGE": 0.06675641162848138, "DEGREES_STD_DEV": 0.919205026090168, "BETWEENNESS_CENTRALITY_STD_DEV": 0.03916749643651199, "DEMAND_STD_DEV": 128.1352643965063, "EIGENVECTOR_CENTRALITY_STD_DEV": 0.06675641162848138, "ADJ_MATRIX_EIGENVALUES_STD_DEV": 42.49295567563272, "EVEN_DEGREE_NODES_PROPORTION": 0.48717948717948717, "PATH_TO_CENTROID_DEMAND_AVERAGE": 52.371134020618555, "PATH_TO_CENTROID_DEMAND_STD_DEV": 149.6685226314026, "FURTHEST_NODE_FROM_CENTROID_AVERAGE_DEMAND": 223.33333333333334, "FURTHEST_NODE_FROM_CENTROID_STD_DEV_DEMAND": 123.51395455452379, "AVERAGE_DELTA_DEMAND": 226.16923076923078, "STD_DEV_DELTA_DEMAND": 108.10541379446856}