{"NODES": 53, "EDGES": 82, "DENSITY": 0.059506531204644414, "DIAMETER": 317, "CLUSTERING": 0.033464061911539736, "ENERGY": 2252.465564517495, "ALGEBRAIC_CONNECTIVITY": 2.6129740686571012, "DEGREES_AVERAGE": 3.0943396226415096, "DISTANCE_AVERAGE": 27.097560975609756, "BETWEENNESS_CENTRALITY_AVERAGE": 0.1127899334556508, "DEMAND_AVERAGE": 210.4512195121951, "EIGENVECTOR_CENTRALITY_AVERAGE": 0.09737674214303549, "DEGREES_STD_DEV": 1.042632595208956, "BETWEENNESS_CENTRALITY_STD_DEV": 0.07472186697311646, "DEMAND_STD_DEV": 129.15366983014147, "EIGENVECTOR_CENTRALITY_STD_DEV": 0.09737674214303549, "ADJ_MATRIX_EIGENVALUES_STD_DEV": 50.776610274253194, "EVEN_DEGREE_NODES_PROPORTION": 0.39622641509433965, "PATH_TO_CENTROID_DEMAND_AVERAGE": 52.32692307692308, "PATH_TO_CENTROID_DEMAND_STD_DEV": 651.2453454728103, "FURTHEST_NODE_FROM_CENTROID_AVERAGE_DEMAND": 260.14285714285717, "FURTHEST_NODE_FROM_CENTROID_STD_DEV_DEMAND": 94.16373783898727, "AVERAGE_DELTA_DEMAND": 218.0754716981132, "STD_DEV_DELTA_DEMAND": 107.04058343533572}