{"NODES": 248, "EDGES": 457, "DENSITY": 0.014920987331853207, "DIAMETER": 600, "CLUSTERING": 0.03178495466239971, "ENERGY": 9037.50257644822, "ALGEBRAIC_CONNECTIVITY": 0.6560168310073083, "DEGREES_AVERAGE": 3.685483870967742, "DISTANCE_AVERAGE": 21.984682713347922, "BETWEENNESS_CENTRALITY_AVERAGE": 0.04505002281227363, "DEMAND_AVERAGE": 194.38949671772428, "EIGENVECTOR_CENTRALITY_AVERAGE": 0.06098096345116098, "DEGREES_STD_DEV": 0.8283140819533873, "BETWEENNESS_CENTRALITY_STD_DEV": 0.030865457814926858, "DEMAND_STD_DEV": 124.58926087158096, "EIGENVECTOR_CENTRALITY_STD_DEV": 0.06098096345116098, "ADJ_MATRIX_EIGENVALUES_STD_DEV": 44.3678719854371, "EVEN_DEGREE_NODES_PROPORTION": 0.5564516129032258, "PATH_TO_CENTROID_DEMAND_AVERAGE": 33.89878542510122, "PATH_TO_CENTROID_DEMAND_STD_DEV": 370.5458810997634, "FURTHEST_NODE_FROM_CENTROID_AVERAGE_DEMAND": 208.77777777777777, "FURTHEST_NODE_FROM_CENTROID_STD_DEV_DEMAND": 110.98961412873028, "AVERAGE_DELTA_DEMAND": 236.20564516129033, "STD_DEV_DELTA_DEMAND": 97.02911854977167}