{"NODES": 28, "EDGES": 47, "DENSITY": 0.12433862433862433, "DIAMETER": 182, "CLUSTERING": 0.0472738468949515, "ENERGY": 1008.9634367623376, "ALGEBRAIC_CONNECTIVITY": 5.337021925027816, "DEGREES_AVERAGE": 3.357142857142857, "DISTANCE_AVERAGE": 22.659574468085108, "BETWEENNESS_CENTRALITY_AVERAGE": 0.15471466364323505, "DEMAND_AVERAGE": 172.46808510638297, "EIGENVECTOR_CENTRALITY_AVERAGE": 0.09527847056251353, "DEGREES_STD_DEV": 0.9114207758701963, "BETWEENNESS_CENTRALITY_STD_DEV": 0.07630327745565017, "DEMAND_STD_DEV": 146.2222624850726, "EIGENVECTOR_CENTRALITY_STD_DEV": 0.09527847056251353, "ADJ_MATRIX_EIGENVALUES_STD_DEV": 43.609468172470486, "EVEN_DEGREE_NODES_PROPORTION": 0.5, "PATH_TO_CENTROID_DEMAND_AVERAGE": 62.18518518518518, "PATH_TO_CENTROID_DEMAND_STD_DEV": 529.2469492905304, "FURTHEST_NODE_FROM_CENTROID_AVERAGE_DEMAND": 233.6, "FURTHEST_NODE_FROM_CENTROID_STD_DEV_DEMAND": 213.3642425524952, "AVERAGE_DELTA_DEMAND": 268.7142857142857, "STD_DEV_DELTA_DEMAND": 105.35297184820502}