{"NODES": 321, "EDGES": 535, "DENSITY": 0.010416666666666666, "DIAMETER": 740, "CLUSTERING": 0.01717248805212412, "ENERGY": 11874.027199109147, "ALGEBRAIC_CONNECTIVITY": 0.34351392685676607, "DEGREES_AVERAGE": 3.3333333333333335, "DISTANCE_AVERAGE": 23.30841121495327, "BETWEENNESS_CENTRALITY_AVERAGE": 0.04138496635758951, "DEMAND_AVERAGE": 212.59252336448597, "EIGENVECTOR_CENTRALITY_AVERAGE": 0.05445710328506285, "DEGREES_STD_DEV": 0.8354140689901426, "BETWEENNESS_CENTRALITY_STD_DEV": 0.03589682181707843, "DEMAND_STD_DEV": 127.20785116170606, "EIGENVECTOR_CENTRALITY_STD_DEV": 0.05445710328506285, "ADJ_MATRIX_EIGENVALUES_STD_DEV": 45.24175283272024, "EVEN_DEGREE_NODES_PROPORTION": 0.4953271028037383, "PATH_TO_CENTROID_DEMAND_AVERAGE": 28.978125, "PATH_TO_CENTROID_DEMAND_STD_DEV": 1210.7860738655143, "FURTHEST_NODE_FROM_CENTROID_AVERAGE_DEMAND": 259.35714285714283, "FURTHEST_NODE_FROM_CENTROID_STD_DEV_DEMAND": 133.39392625018414, "AVERAGE_DELTA_DEMAND": 228.86292834890966, "STD_DEV_DELTA_DEMAND": 100.1838617375472}