{"NODES": 53, "EDGES": 86, "DENSITY": 0.062409288824383166, "DIAMETER": 319, "CLUSTERING": 0.04374375733254233, "ENERGY": 2236.9131232856753, "ALGEBRAIC_CONNECTIVITY": 2.209748964916387, "DEGREES_AVERAGE": 3.2452830188679247, "DISTANCE_AVERAGE": 26.732558139534884, "BETWEENNESS_CENTRALITY_AVERAGE": 0.11397887741782363, "DEMAND_AVERAGE": 195.69767441860466, "EIGENVECTOR_CENTRALITY_AVERAGE": 0.11464289286840823, "DEGREES_STD_DEV": 0.9981841277917248, "BETWEENNESS_CENTRALITY_STD_DEV": 0.06486744060109415, "DEMAND_STD_DEV": 150.9789287804908, "EIGENVECTOR_CENTRALITY_STD_DEV": 0.11464289286840823, "ADJ_MATRIX_EIGENVALUES_STD_DEV": 51.17229498063292, "EVEN_DEGREE_NODES_PROPORTION": 0.3584905660377358, "PATH_TO_CENTROID_DEMAND_AVERAGE": 25.25, "PATH_TO_CENTROID_DEMAND_STD_DEV": 41.71930009000631, "FURTHEST_NODE_FROM_CENTROID_AVERAGE_DEMAND": 89.57142857142857, "FURTHEST_NODE_FROM_CENTROID_STD_DEV_DEMAND": 119.46248664030777, "AVERAGE_DELTA_DEMAND": 252.8490566037736, "STD_DEV_DELTA_DEMAND": 119.45346635444652}