{"NODES": 162, "EDGES": 266, "DENSITY": 0.020397208803005905, "DIAMETER": 535, "CLUSTERING": 0.026902182642305098, "ENERGY": 6075.7151934732765, "ALGEBRAIC_CONNECTIVITY": 0.6834587821850507, "DEGREES_AVERAGE": 3.2839506172839505, "DISTANCE_AVERAGE": 24.101503759398497, "BETWEENNESS_CENTRALITY_AVERAGE": 0.06119154751885709, "DEMAND_AVERAGE": 181.51503759398497, "EIGENVECTOR_CENTRALITY_AVERAGE": 0.0735108996902794, "DEGREES_STD_DEV": 0.9553324406092164, "BETWEENNESS_CENTRALITY_STD_DEV": 0.05130373141821613, "DEMAND_STD_DEV": 131.19382808552555, "EIGENVECTOR_CENTRALITY_STD_DEV": 0.0735108996902794, "ADJ_MATRIX_EIGENVALUES_STD_DEV": 46.65383421449498, "EVEN_DEGREE_NODES_PROPORTION": 0.5185185185185185, "PATH_TO_CENTROID_DEMAND_AVERAGE": 44.440993788819874, "PATH_TO_CENTROID_DEMAND_STD_DEV": 852.0396606574916, "FURTHEST_NODE_FROM_CENTROID_AVERAGE_DEMAND": 251.41666666666666, "FURTHEST_NODE_FROM_CENTROID_STD_DEV_DEMAND": 142.41837109110054, "AVERAGE_DELTA_DEMAND": 235.91975308641975, "STD_DEV_DELTA_DEMAND": 104.3919381477766}